Name,Team,GP,,G,,A,,Pts,,+/-,,PIM,,Hits,,BkS,,FW,,FL,,FO%,,PPG,,PPA,,SHG,,SHA,,GW,,SOG,,Pct
Patrick Kane,CHI,28,,17,,26,,43,,13,,12,,14,,8,,5,,19,,0.208,,9,,5,,0,,0,,4,,98,,0.173
Tyler Seguin,DAL,28,,15,,24,,39,,10,,6,,26,,14,,182,,147,,0.553,,4,,9,,0,,0,,3,,116,,0.129
Jamie Benn,DAL,28,,19,,20,,39,,11,,24,,53,,17,,95,,98,,0.492,,8,,3,,2,,2,,3,,83,,0.229
Daniel Sedin,VAN,30,,13,,20,,33,,6,,20,,9,,7,,1,,0,,1,,5,,8,,0,,1,,3,,106,,0.123
Taylor Hall,EDM,29,,12,,18,,30,,12,,20,,33,,17,,6,,6,,0.5,,2,,5,,0,,0,,4,,123,,0.098
Mike Cammalleri,NJD,28,,11,,19,,30,,12,,12,,10,,11,,5,,5,,0.5,,2,,7,,0,,0,,0,,78,,0.141
Henrik Sedin,VAN,30,,9,,20,,29,,6,,6,,6,,9,,297,,298,,0.499,,4,,8,,1,,0,,0,,41,,0.22
Artemi Panarin,CHI,28,,9,,19,,28,,6,,4,,22,,5,,0,,0,,N/A,,0,,6,,0,,0,,1,,69,,0.13
David Krejci,BOS,27,,9,,18,,27,,4,,10,,20,,23,,191,,206,,0.481,,2,,7,,0,,0,,3,,56,,0.161
Bobby Ryan,OTT,28,,9,,18,,27,,3,,6,,25,,9,,2,,5,,0.286,,2,,5,,0,,0,,0,,69,,0.13
Blake Wheeler,WPG,28,,9,,18,,27,,-3,,8,,30,,23,,3,,4,,0.429,,2,,6,,2,,1,,2,,78,,0.115
Mike Hoffman,OTT,24,,15,,12,,27,,8,,4,,6,,13,,2,,4,,0.333,,4,,3,,0,,0,,2,,75,,0.2
Vladimir Tarasenko,STL,27,,16,,11,,27,,4,,14,,9,,9,,0,,0,,N/A,,4,,2,,0,,0,,2,,99,,0.162
Evgeny Kuznetsov,WAS,26,,8,,19,,27,,15,,14,,21,,9,,170,,206,,0.452,,2,,5,,0,,0,,2,,53,,0.151
Matt Duchene,COL,29,,15,,11,,26,,-4,,6,,22,,11,,183,,144,,0.56,,5,,3,,0,,0,,2,,74,,0.203
Joe Pavelski,SAN,28,,13,,13,,26,,5,,18,,50,,26,,184,,139,,0.57,,2,,8,,0,,0,,4,,82,,0.159
Tomas Plekanec,MON,29,,7,,19,,26,,11,,8,,20,,11,,310,,331,,0.484,,1,,8,,0,,0,,1,,62,,0.113
Jeff Carter,LOS,27,,11,,15,,26,,16,,6,,25,,15,,239,,267,,0.472,,2,,3,,1,,1,,2,,83,,0.133
Johnny Gaudreau,CGY,27,,9,,17,,26,,2,,10,,11,,6,,1,,1,,0.5,,1,,4,,0,,0,,3,,65,,0.138
Mark Stone,OTT,26,,7,,19,,26,,-1,,14,,10,,18,,3,,5,,0.375,,1,,8,,0,,1,,0,,54,,0.13
Patrice Bergeron,BOS,27,,9,,17,,26,,8,,16,,29,,18,,376,,308,,0.55,,5,,9,,0,,2,,2,,88,,0.102
Loui Eriksson,BOS,27,,11,,14,,25,,8,,2,,9,,14,,3,,1,,0.75,,6,,3,,1,,1,,1,,48,,0.229
Evgeni Malkin,PIT,27,,12,,13,,25,,0,,33,,16,,9,,159,,214,,0.426,,6,,3,,0,,0,,5,,76,,0.158
Nathan MacKinnon,COL,29,,10,,15,,25,,3,,12,,19,,31,,215,,251,,0.461,,3,,5,,0,,0,,4,,99,,0.101
Max Pacioretty,MON,29,,13,,12,,25,,5,,12,,35,,10,,3,,2,,0.6,,4,,3,,1,,0,,3,,118,,0.11
Alex Ovechkin,WAS,25,,13,,11,,24,,13,,10,,77,,4,,0,,0,,N/A,,4,,2,,0,,0,,1,,132,,0.098
Kyle Turris,OTT,28,,12,,12,,24,,5,,10,,14,,17,,286,,272,,0.513,,3,,2,,0,,1,,2,,64,,0.188
Alexander Steen,STL,28,,10,,14,,24,,5,,22,,22,,15,,47,,59,,0.443,,0,,7,,1,,0,,1,,82,,0.122
Claude Giroux,PHI,28,,10,,14,,24,,-7,,31,,41,,7,,398,,270,,0.596,,4,,8,,1,,1,,1,,75,,0.133
Nicklas Backstrom,WAS,23,,9,,14,,23,,8,,6,,16,,14,,207,,211,,0.495,,2,,9,,0,,0,,2,,40,,0.225
Max Domi,ARI,28,,10,,13,,23,,0,,10,,11,,10,,10,,13,,0.435,,1,,5,,0,,0,,0,,54,,0.185
Adam Henrique,NJD,28,,13,,10,,23,,10,,9,,36,,15,,231,,279,,0.453,,2,,1,,2,,0,,4,,63,,0.206
Ryan O'Reilly,BUF,28,,9,,14,,23,,0,,4,,10,,16,,404,,278,,0.592,,5,,5,,0,,0,,1,,69,,0.13
Patrick Sharp,DAL,28,,10,,12,,22,,1,,6,,30,,6,,1,,4,,0.2,,3,,6,,0,,0,,3,,78,,0.128
Joel Ward,SAN,28,,10,,12,,22,,0,,8,,28,,19,,90,,71,,0.559,,3,,3,,0,,0,,1,,48,,0.208
Henrik Zetterberg,DET,28,,5,,17,,22,,5,,4,,27,,6,,206,,227,,0.476,,1,,8,,0,,0,,1,,62,,0.081
Leon Draisaitl,EDM,19,,9,,13,,22,,9,,6,,12,,6,,95,,106,,0.473,,2,,2,,0,,0,,1,,41,,0.22
John Tavares,NYI,26,,12,,10,,22,,-2,,20,,29,,13,,250,,215,,0.538,,3,,4,,0,,0,,4,,76,,0.158
Mats Zuccarello,NYR,29,,11,,11,,22,,8,,12,,39,,15,,2,,3,,0.4,,2,,3,,0,,0,,2,,50,,0.22
Kyle Okposo,NYI,29,,6,,16,,22,,-5,,17,,44,,14,,5,,11,,0.313,,2,,5,,0,,0,,2,,57,,0.105
Patrick Marleau,SAN,28,,11,,11,,22,,-6,,4,,19,,15,,44,,45,,0.494,,3,,5,,0,,0,,3,,77,,0.143
Bryan Little,WPG,28,,10,,12,,22,,-5,,6,,30,,12,,360,,313,,0.535,,1,,6,,2,,0,,1,,62,,0.161
Lee Stempniak,NJD,28,,7,,15,,22,,5,,16,,47,,14,,2,,6,,0.25,,2,,7,,0,,0,,1,,61,,0.115
Dylan Larkin,DET,28,,11,,11,,22,,20,,18,,34,,9,,25,,31,,0.446,,0,,1,,0,,0,,3,,76,,0.145
Frans Nielsen,NYI,29,,11,,10,,21,,4,,2,,13,,36,,208,,213,,0.494,,2,,4,,1,,0,,0,,80,,0.138
Tomas Tatar,DET,28,,10,,11,,21,,1,,6,,21,,5,,4,,12,,0.25,,4,,2,,0,,0,,1,,64,,0.156
Gabriel Landeskog,COL,26,,7,,14,,21,,-5,,30,,41,,24,,6,,3,,0.667,,2,,4,,0,,1,,0,,68,,0.103
Kyle Palmieri,NJD,28,,12,,9,,21,,5,,19,,44,,11,,4,,7,,0.364,,5,,5,,0,,0,,2,,76,,0.158
Martin Hanzal,ARI,25,,5,,15,,20,,-5,,24,,38,,14,,231,,196,,0.541,,0,,4,,0,,0,,0,,46,,0.109
Derick Brassard,NYR,29,,9,,11,,20,,8,,10,,32,,9,,264,,225,,0.54,,3,,3,,0,,0,,2,,59,,0.153
Ryan Nugent-Hopkins,EDM,28,,7,,13,,20,,-4,,4,,17,,20,,192,,242,,0.442,,2,,6,,0,,0,,0,,55,,0.127
Brad Marchand,BOS,25,,13,,7,,20,,12,,52,,18,,13,,7,,12,,0.368,,3,,1,,3,,0,,2,,76,,0.171
Mikko Koivu,MIN,26,,4,,16,,20,,1,,4,,11,,17,,347,,277,,0.556,,3,,3,,1,,0,,0,,43,,0.093
Mikkel Boedker,ARI,28,,9,,11,,20,,-10,,4,,22,,9,,0,,0,,N/A,,1,,5,,0,,0,,2,,68,,0.132
Alex Galchenyuk,MON,29,,7,,13,,20,,5,,8,,9,,16,,163,,146,,0.528,,2,,5,,0,,0,,2,,54,,0.13
Jaromir Jagr,FLA,26,,8,,12,,20,,-2,,14,,6,,5,,0,,0,,N/A,,2,,3,,0,,0,,1,,47,,0.17
Scott Hartnell,COB,28,,11,,9,,20,,-8,,37,,63,,16,,0,,1,,0,,4,,1,,0,,0,,0,,56,,0.196
Steven Stamkos,TAM,28,,11,,9,,20,,-3,,12,,30,,11,,178,,174,,0.506,,6,,3,,0,,0,,2,,70,,0.157
Ryan Johansen,COB,27,,6,,14,,20,,-3,,16,,40,,9,,231,,221,,0.511,,1,,8,,0,,0,,0,,71,,0.085
Tyler Toffoli,LOS,27,,11,,9,,20,,14,,4,,20,,6,,0,,1,,0,,4,,1,,1,,0,,2,,72,,0.153
Thomas Vanek,MIN,26,,10,,9,,19,,-1,,12,,6,,3,,7,,8,,0.467,,3,,3,,0,,0,,2,,59,,0.169
Sidney Crosby,PIT,27,,6,,13,,19,,-7,,8,,29,,14,,324,,281,,0.536,,3,,5,,0,,0,,1,,75,,0.08
Corey Perry,ANA,28,,10,,9,,19,,-2,,23,,46,,18,,1,,4,,0.2,,5,,4,,0,,0,,2,,72,,0.139
Jason Spezza,DAL,28,,11,,8,,19,,2,,10,,5,,6,,197,,155,,0.56,,1,,6,,0,,0,,3,,91,,0.121
Gustav Nyquist,DET,28,,10,,9,,19,,1,,12,,32,,10,,0,,0,,N/A,,4,,3,,0,,0,,2,,66,,0.152
Brendan Gallagher,MON,22,,9,,10,,19,,7,,14,,17,,12,,5,,4,,0.556,,4,,1,,0,,0,,0,,70,,0.129
Sean Monahan,CGY,27,,8,,11,,19,,-5,,2,,13,,12,,298,,324,,0.479,,2,,1,,0,,0,,1,,62,,0.129
Mathieu Perreault,WPG,28,,3,,16,,19,,0,,16,,32,,12,,16,,24,,0.4,,3,,4,,0,,0,,0,,36,,0.083
Victor Rask,CAR,28,,8,,11,,19,,0,,16,,8,,11,,203,,166,,0.55,,1,,8,,0,,0,,1,,58,,0.138
Carl Soderberg,COL,29,,4,,14,,18,,-7,,10,,11,,25,,105,,129,,0.449,,1,,5,,0,,0,,0,,63,,0.063
Artem Anisimov,CHI,28,,11,,7,,18,,6,,4,,16,,15,,186,,229,,0.448,,2,,1,,2,,0,,1,,42,,0.262
Justin Williams,WAS,26,,8,,10,,18,,8,,2,,13,,12,,17,,8,,0.68,,2,,3,,0,,1,,1,,68,,0.118
Andrew Ladd,WPG,28,,8,,10,,18,,-5,,17,,57,,9,,4,,1,,0.8,,3,,1,,0,,0,,1,,71,,0.113
Jussi Jokinen,FLA,28,,6,,12,,18,,1,,20,,19,,22,,46,,48,,0.489,,1,,3,,0,,0,,0,,54,,0.111
Rick Nash,NYR,27,,8,,10,,18,,6,,18,,38,,10,,0,,1,,0,,2,,2,,0,,0,,2,,79,,0.101
Filip Forsberg,NAS,28,,5,,13,,18,,-3,,20,,45,,16,,1,,3,,0.25,,0,,8,,0,,0,,1,,81,,0.062
Ryan Getzlaf,ANA,24,,1,,17,,18,,3,,18,,43,,12,,204,,187,,0.522,,0,,6,,0,,0,,0,,51,,0.02
Milan Lucic,LOS,27,,10,,8,,18,,10,,22,,97,,6,,6,,4,,0.6,,1,,3,,0,,0,,3,,43,,0.233
James Neal,NAS,28,,10,,8,,18,,3,,39,,47,,9,,3,,10,,0.231,,3,,4,,0,,0,,0,,89,,0.112
Mika Zibanejad,OTT,27,,4,,13,,17,,-2,,8,,33,,18,,222,,228,,0.493,,0,,4,,2,,0,,2,,54,,0.074
Eric Staal,CAR,28,,5,,12,,17,,3,,16,,35,,9,,109,,76,,0.589,,1,,4,,0,,0,,0,,67,,0.075
Mark Scheifele,WPG,28,,10,,7,,17,,7,,8,,27,,12,,173,,211,,0.451,,1,,2,,0,,0,,1,,77,,0.13
James van Riemsdyk,TOR,28,,8,,9,,17,,-2,,4,,45,,4,,1,,1,,0.5,,4,,3,,0,,0,,0,,83,,0.096
Brandon Saad,COB,28,,9,,8,,17,,0,,10,,15,,7,,9,,8,,0.529,,5,,1,,0,,0,,2,,73,,0.123
Jiri Hudler,CGY,25,,5,,12,,17,,-8,,11,,5,,1,,3,,10,,0.231,,1,,3,,0,,0,,0,,43,,0.116
Phil Kessel,PIT,27,,9,,8,,17,,-1,,4,,4,,5,,0,,0,,N/A,,2,,3,,0,,0,,3,,86,,0.105
David Desharnais,MON,29,,7,,10,,17,,2,,6,,14,,11,,152,,183,,0.454,,3,,1,,0,,0,,3,,37,,0.189
Justin Abdelkader,DET,28,,9,,8,,17,,0,,27,,69,,8,,4,,7,,0.364,,4,,1,,0,,0,,2,,51,,0.176
Mikael Granlund,MIN,26,,3,,14,,17,,4,,12,,28,,23,,180,,189,,0.488,,0,,5,,0,,0,,1,,46,,0.065
Oscar Lindberg,NYR,29,,10,,7,,17,,6,,18,,63,,19,,74,,73,,0.503,,1,,2,,0,,0,,1,,56,,0.179
Jonathan Toews,CHI,28,,8,,8,,16,,6,,28,,36,,11,,354,,231,,0.605,,1,,1,,1,,1,,2,,65,,0.123
Brock Nelson,NYI,29,,9,,7,,16,,0,,6,,29,,24,,31,,35,,0.47,,1,,1,,0,,0,,0,,54,,0.167
Jannik Hansen,VAN,30,,8,,8,,16,,9,,10,,12,,12,,1,,2,,0.333,,0,,0,,0,,0,,1,,52,,0.154
Teddy Purcell,EDM,29,,5,,11,,16,,-2,,2,,14,,6,,0,,2,,0,,1,,2,,0,,0,,1,,60,,0.083
Anze Kopitar,LOS,27,,8,,8,,16,,14,,6,,26,,21,,303,,276,,0.523,,1,,1,,0,,1,,2,,47,,0.17
Leo Komarov,TOR,28,,10,,6,,16,,0,,12,,129,,9,,16,,17,,0.485,,2,,1,,1,,0,,1,,54,,0.185
Boone Jenner,COB,29,,11,,5,,16,,-7,,20,,73,,23,,24,,29,,0.453,,4,,2,,0,,0,,2,,76,,0.145
Vincent Trocheck,FLA,28,,8,,8,,16,,-6,,10,,38,,19,,131,,148,,0.47,,3,,3,,0,,0,,1,,48,,0.167
Jarome Iginla,COL,29,,8,,8,,16,,-10,,17,,22,,15,,20,,17,,0.541,,3,,3,,0,,0,,1,,69,,0.116
Kris Versteeg,CAR,27,,3,,13,,16,,1,,12,,8,,14,,5,,6,,0.455,,0,,5,,0,,0,,1,,49,,0.061
Tyler Bozak,TOR,24,,4,,12,,16,,-2,,8,,17,,11,,240,,207,,0.537,,1,,6,,0,,0,,0,,37,,0.108
Joe Thornton,SAN,28,,4,,12,,16,,5,,20,,22,,15,,138,,137,,0.502,,3,,2,,0,,0,,2,,39,,0.103
Michael Frolik,CGY,27,,7,,8,,15,,2,,4,,27,,23,,0,,3,,0,,0,,0,,0,,0,,2,,71,,0.099
Jonathan Huberdeau,FLA,28,,3,,12,,15,,-3,,12,,28,,8,,3,,6,,0.333,,2,,3,,0,,0,,1,,66,,0.045
Anthony Duclair,ARI,28,,8,,7,,15,,0,,16,,15,,11,,0,,0,,N/A,,3,,1,,0,,0,,2,,33,,0.242
Dale Weise,MON,29,,9,,6,,15,,3,,12,,54,,15,,14,,10,,0.583,,2,,2,,0,,0,,1,,65,,0.138
Cam Atkinson,COB,28,,6,,9,,15,,-1,,4,,18,,15,,0,,2,,0,,1,,1,,1,,0,,2,,71,,0.085
Jakub Voracek,PHI,28,,1,,14,,15,,-9,,8,,24,,10,,2,,2,,0.5,,0,,9,,0,,0,,1,,81,,0.012
Wayne Simmonds,PHI,28,,7,,8,,15,,-11,,42,,70,,14,,2,,0,,1,,2,,2,,0,,0,,2,,70,,0.1
Marcus Johansson,WAS,25,,5,,10,,15,,9,,2,,14,,6,,3,,7,,0.3,,2,,1,,0,,0,,3,,46,,0.109
Kevin Hayes,NYR,29,,6,,9,,15,,2,,8,,20,,10,,50,,108,,0.316,,2,,2,,0,,0,,2,,57,,0.105
Nick Foligno,COB,29,,4,,11,,15,,-9,,26,,65,,18,,55,,60,,0.478,,0,,5,,0,,0,,0,,72,,0.056
Nikita Kucherov,TAM,28,,8,,7,,15,,5,,6,,27,,15,,0,,0,,N/A,,3,,4,,0,,0,,2,,68,,0.118
Tomas Fleischmann,MON,29,,7,,8,,15,,6,,16,,12,,10,,8,,12,,0.4,,0,,0,,1,,0,,3,,56,,0.125
Travis Zajac,NJD,24,,6,,9,,15,,6,,10,,29,,15,,257,,220,,0.539,,4,,2,,1,,1,,1,,37,,0.162
Radim Vrbata,VAN,28,,9,,6,,15,,-14,,8,,7,,2,,1,,3,,0.25,,3,,4,,0,,0,,0,,100,,0.09
Mike Ribeiro,NAS,28,,3,,12,,15,,3,,40,,18,,8,,104,,194,,0.349,,0,,3,,0,,0,,0,,22,,0.136
Jason Zucker,MIN,26,,6,,8,,14,,2,,12,,26,,9,,1,,0,,1,,0,,2,,0,,1,,1,,76,,0.079
Ryan Spooner,BOS,27,,5,,9,,14,,-6,,21,,24,,6,,68,,99,,0.407,,3,,4,,0,,0,,1,,42,,0.119
Tobias Rieder,ARI,28,,6,,8,,14,,-6,,6,,17,,7,,5,,6,,0.455,,1,,1,,0,,0,,0,,73,,0.082
Reilly Smith,FLA,28,,7,,7,,14,,1,,4,,38,,14,,0,,0,,N/A,,3,,2,,0,,1,,0,,52,,0.135
Matt Beleskey,BOS,25,,3,,11,,14,,5,,24,,92,,16,,2,,4,,0.333,,0,,0,,0,,0,,0,,48,,0.063
T.J. Oshie,WAS,26,,8,,6,,14,,5,,4,,45,,17,,37,,40,,0.481,,3,,2,,0,,0,,2,,71,,0.113
Jack Eichel,BUF,28,,9,,5,,14,,-4,,6,,22,,10,,151,,208,,0.421,,3,,1,,0,,0,,2,,92,,0.098
Jason Chimera,WAS,26,,7,,7,,14,,-5,,8,,30,,4,,1,,6,,0.143,,3,,3,,1,,0,,0,,58,,0.121
Josh Bailey,NYI,28,,6,,8,,14,,3,,12,,19,,8,,2,,4,,0.333,,3,,1,,0,,0,,0,,42,,0.143
Anders Lee,NYI,29,,4,,10,,14,,0,,10,,71,,12,,0,,0,,N/A,,2,,2,,0,,0,,0,,66,,0.061
Jason Pominville,MIN,26,,3,,11,,14,,7,,6,,8,,9,,18,,18,,0.5,,0,,3,,0,,0,,0,,68,,0.044
David Backes,STL,28,,7,,7,,14,,3,,34,,104,,25,,240,,215,,0.527,,1,,2,,0,,0,,2,,55,,0.127
Drew Stafford,WPG,28,,9,,4,,13,,-10,,8,,31,,4,,15,,15,,0.5,,2,,1,,0,,1,,4,,68,,0.132
Aleksander Barkov,FLA,18,,6,,7,,13,,-2,,4,,16,,9,,142,,140,,0.504,,3,,2,,0,,0,,1,,46,,0.13
Charlie Coyle,MIN,26,,6,,7,,13,,-1,,4,,55,,25,,133,,149,,0.472,,0,,2,,0,,1,,2,,38,,0.158
Cody Eakin,DAL,28,,7,,6,,13,,3,,8,,18,,13,,183,,206,,0.47,,1,,1,,2,,1,,0,,47,,0.149
Jamie McGinn,BUF,28,,5,,8,,13,,-1,,4,,62,,3,,1,,0,,1,,2,,2,,0,,0,,0,,43,,0.116
Mikhail Grabovski,NYI,29,,5,,8,,13,,4,,10,,16,,11,,157,,168,,0.483,,1,,1,,0,,0,,2,,42,,0.119
Sam Bennett,CGY,26,,5,,8,,13,,-2,,2,,40,,8,,45,,57,,0.441,,2,,1,,0,,0,,1,,39,,0.128
Troy Brouwer,STL,28,,5,,8,,13,,2,,27,,78,,12,,30,,29,,0.508,,1,,2,,0,,0,,0,,45,,0.111
Tomas Hertl,SAN,28,,3,,10,,13,,-1,,4,,34,,26,,180,,128,,0.584,,1,,1,,0,,0,,0,,68,,0.044
Jimmy Hayes,BOS,25,,4,,8,,12,,-5,,8,,42,,3,,8,,7,,0.533,,1,,2,,0,,0,,0,,50,,0.08
Benoit Pouliot,EDM,24,,5,,7,,12,,-10,,14,,13,,7,,5,,1,,0.833,,1,,2,,0,,0,,0,,46,,0.109
Zach Parise,MIN,18,,8,,4,,12,,2,,8,,17,,7,,0,,3,,0,,3,,1,,0,,0,,1,,60,,0.133
Jori Lehtera,STL,28,,3,,9,,12,,7,,14,,7,,4,,176,,182,,0.492,,0,,2,,0,,0,,0,,37,,0.081
Chris Kreider,NYR,29,,4,,8,,12,,5,,29,,61,,8,,2,,0,,1,,1,,2,,0,,0,,0,,60,,0.067
Valeri Nichushkin,DAL,26,,4,,8,,12,,5,,4,,7,,10,,0,,0,,N/A,,0,,0,,0,,0,,1,,41,,0.098
Brandon Dubinsky,COB,22,,4,,8,,12,,0,,10,,59,,9,,212,,198,,0.517,,1,,2,,0,,0,,1,,36,,0.111
Nail Yakupov,EDM,22,,2,,10,,12,,-1,,12,,20,,5,,0,,1,,0,,1,,2,,0,,0,,0,,51,,0.039
Brayden Schenn,PHI,26,,6,,6,,12,,-5,,11,,56,,8,,20,,33,,0.377,,3,,1,,0,,0,,2,,60,,0.1
Pierre-Alexandr Parenteau,TOR,28,,8,,4,,12,,-5,,16,,18,,14,,1,,4,,0.2,,4,,1,,0,,0,,1,,52,,0.154
Brett Connolly,BOS,26,,5,,7,,12,,-1,,8,,51,,16,,9,,12,,0.429,,2,,2,,0,,0,,1,,30,,0.167
Connor McDavid,EDM,13,,5,,7,,12,,-4,,6,,5,,3,,55,,96,,0.364,,2,,1,,0,,0,,1,,24,,0.208
Brandon Pirri,FLA,28,,5,,7,,12,,-6,,18,,26,,8,,28,,42,,0.4,,1,,4,,0,,0,,0,,74,,0.068
Nick Bjugstad,FLA,23,,7,,5,,12,,-2,,8,,38,,12,,171,,157,,0.521,,2,,3,,0,,0,,1,,55,,0.127
Derek Stepan,NYR,23,,6,,6,,12,,4,,6,,12,,13,,125,,168,,0.427,,1,,2,,0,,0,,1,,54,,0.111
Marian Hossa,CHI,25,,5,,7,,12,,1,,6,,12,,9,,0,,2,,0,,2,,3,,0,,0,,2,,79,,0.063
Tanner Pearson,LOS,27,,3,,9,,12,,6,,6,,26,,7,,2,,9,,0.182,,1,,1,,0,,0,,1,,50,,0.06
Teuvo Teravainen,CHI,24,,6,,6,,12,,4,,6,,4,,7,,12,,29,,0.293,,1,,3,,0,,0,,3,,40,,0.15
Nikolaj Ehlers,WPG,28,,5,,7,,12,,3,,6,,10,,13,,0,,0,,N/A,,1,,2,,0,,0,,0,,72,,0.069
J.T. Miller,NYR,29,,4,,8,,12,,1,,14,,65,,14,,26,,38,,0.406,,1,,0,,0,,0,,2,,41,,0.098
Rickard Rakell,ANA,25,,6,,6,,12,,-1,,2,,43,,12,,55,,73,,0.43,,1,,3,,0,,0,,1,,53,,0.113
Tyler Johnson,TAM,22,,4,,7,,11,,6,,2,,16,,3,,156,,172,,0.476,,0,,5,,0,,0,,2,,50,,0.08
Mikael Backlund,CGY,27,,4,,7,,11,,-4,,2,,13,,22,,151,,176,,0.462,,0,,2,,0,,0,,1,,45,,0.089
Ales Hemsky,DAL,27,,3,,8,,11,,-1,,4,,11,,11,,1,,1,,0.5,,1,,2,,0,,0,,0,,42,,0.071
Sam Reinhart,BUF,28,,8,,3,,11,,1,,4,,8,,8,,17,,23,,0.425,,2,,0,,0,,0,,3,,53,,0.151
Blake Comeau,COL,29,,4,,7,,11,,-2,,22,,72,,13,,47,,57,,0.452,,0,,0,,1,,0,,0,,34,,0.118
Joffrey Lupul,TOR,23,,8,,3,,11,,-2,,6,,33,,5,,0,,2,,0,,1,,2,,0,,0,,2,,59,,0.136
Alexandre Burrows,VAN,29,,5,,6,,11,,-6,,24,,26,,7,,0,,2,,0,,2,,3,,0,,0,,0,,55,,0.091
Lars Eller,MON,29,,7,,4,,11,,1,,10,,39,,10,,34,,41,,0.453,,1,,0,,1,,0,,1,,50,,0.14
Nazem Kadri,TOR,28,,5,,6,,11,,-3,,31,,47,,13,,246,,221,,0.527,,1,,2,,0,,0,,0,,103,,0.049
Valtteri Filppula,TAM,28,,2,,9,,11,,-10,,16,,14,,11,,234,,185,,0.558,,0,,3,,1,,0,,1,,30,,0.067
Ryan Kesler,ANA,28,,3,,8,,11,,-11,,22,,47,,34,,323,,245,,0.569,,1,,4,,0,,0,,0,,58,,0.052
Matt Moulson,BUF,28,,4,,7,,11,,0,,6,,12,,5,,0,,2,,0,,1,,3,,0,,0,,0,,48,,0.083
Vladislav Namestnikov,TAM,28,,5,,6,,11,,7,,12,,16,,7,,63,,75,,0.457,,0,,2,,0,,0,,0,,28,,0.179
Teemu Pulkkinen,DET,24,,6,,5,,11,,2,,10,,3,,4,,0,,0,,N/A,,1,,2,,0,,0,,1,,45,,0.133
Evander Kane,BUF,18,,6,,4,,10,,-3,,20,,50,,7,,11,,13,,0.458,,1,,2,,1,,0,,1,,65,,0.092
Jordan Staal,CAR,28,,5,,5,,10,,-3,,6,,50,,6,,236,,162,,0.593,,0,,0,,0,,0,,1,,55,,0.091
Peter Holland,TOR,23,,4,,6,,10,,-1,,2,,36,,10,,55,,72,,0.433,,2,,4,,0,,0,,0,,39,,0.103
J.T. Brown,TAM,26,,2,,8,,10,,9,,20,,37,,7,,8,,6,,0.571,,0,,0,,0,,1,,0,,40,,0.05
Jeff Skinner,CAR,28,,8,,2,,10,,-2,,12,,5,,6,,4,,6,,0.4,,1,,0,,0,,0,,2,,78,,0.103
Ryan Strome,NYI,19,,3,,7,,10,,-1,,2,,34,,7,,2,,8,,0.2,,1,,3,,0,,0,,0,,33,,0.091
Tyler Ennis,BUF,19,,3,,7,,10,,-9,,9,,27,,6,,2,,0,,1,,2,,2,,0,,0,,0,,51,,0.059
Nino Niederreiter,MIN,26,,6,,4,,10,,0,,2,,49,,9,,9,,14,,0.391,,0,,0,,0,,0,,1,,41,,0.146
Shane Doan,ARI,20,,6,,4,,10,,-8,,40,,39,,1,,7,,6,,0.538,,4,,1,,0,,0,,1,,41,,0.146
Chris Kunitz,PIT,27,,4,,6,,10,,7,,12,,104,,13,,3,,3,,0.5,,1,,1,,0,,0,,1,,45,,0.089
David Jones,CGY,27,,7,,3,,10,,-7,,4,,50,,10,,11,,11,,0.5,,1,,0,,0,,0,,1,,47,,0.149
David Perron,PIT,27,,4,,6,,10,,-6,,18,,61,,7,,1,,2,,0.333,,1,,2,,0,,0,,0,,57,,0.07
Vernon Fiddler,DAL,28,,3,,7,,10,,2,,8,,13,,17,,162,,158,,0.506,,0,,0,,0,,1,,0,,37,,0.081
Mikhail Grigorenko,COL,25,,1,,9,,10,,5,,2,,10,,16,,73,,80,,0.477,,0,,1,,0,,0,,0,,20,,0.05
Alex Killorn,TAM,27,,4,,6,,10,,1,,4,,20,,11,,6,,9,,0.4,,2,,1,,0,,0,,1,,47,,0.085
Brian Gionta,BUF,25,,3,,7,,10,,-4,,4,,24,,8,,12,,15,,0.444,,0,,4,,0,,0,,0,,52,,0.058
Beau Bennett,PIT,22,,5,,5,,10,,-3,,8,,50,,4,,2,,2,,0.5,,1,,2,,0,,0,,0,,39,,0.128
Jean-Gabriel Pageau,OTT,28,,7,,3,,10,,4,,2,,54,,23,,241,,203,,0.543,,0,,0,,4,,0,,1,,45,,0.156
Nikolay Kulemin,NYI,29,,2,,8,,10,,6,,2,,52,,10,,3,,2,,0.6,,0,,0,,0,,0,,1,,33,,0.061
Patric Hornqvist,PIT,27,,5,,5,,10,,-3,,14,,59,,17,,1,,1,,0.5,,0,,3,,0,,0,,1,,66,,0.076
Torrey Mitchell,MON,20,,5,,5,,10,,5,,22,,26,,11,,122,,125,,0.494,,0,,0,,0,,2,,1,,23,,0.217
Andrew Cogliano,ANA,28,,3,,6,,9,,-8,,8,,54,,11,,3,,5,,0.375,,0,,0,,1,,0,,2,,43,,0.07
Colin Wilson,NAS,26,,1,,8,,9,,0,,10,,25,,11,,10,,16,,0.385,,1,,0,,0,,0,,0,,54,,0.019
Marian Gaborik,LOS,27,,5,,4,,9,,-2,,16,,13,,6,,1,,1,,0.5,,0,,1,,0,,0,,1,,64,,0.078
Andrew Shaw,CHI,28,,4,,5,,9,,1,,16,,69,,7,,62,,73,,0.459,,1,,2,,0,,0,,1,,41,,0.098
Joonas Donskoi,SAN,23,,3,,6,,9,,5,,8,,9,,13,,0,,0,,N/A,,0,,0,,0,,0,,0,,31,,0.097
Scott Laughton,PHI,28,,3,,6,,9,,-3,,15,,30,,19,,76,,107,,0.415,,0,,0,,0,,0,,0,,37,,0.081
Elias Lindholm,CAR,28,,3,,6,,9,,-7,,6,,40,,11,,53,,68,,0.438,,0,,2,,0,,0,,1,,62,,0.048
Antoine Roussel,DAL,26,,4,,5,,9,,4,,38,,26,,18,,5,,7,,0.417,,0,,0,,0,,1,,3,,26,,0.154
Joe Colborne,CGY,22,,3,,6,,9,,-10,,11,,45,,14,,33,,29,,0.532,,0,,0,,0,,0,,0,,30,,0.1
Zack Smith,OTT,27,,7,,2,,9,,4,,30,,47,,8,,133,,120,,0.526,,1,,0,,1,,0,,1,,22,,0.318
Chris Stewart,ANA,27,,5,,4,,9,,1,,31,,36,,4,,3,,5,,0.375,,1,,0,,0,,0,,1,,40,,0.125
Jared McCann,VAN,28,,6,,3,,9,,0,,6,,15,,8,,80,,159,,0.335,,1,,0,,0,,0,,0,,50,,0.12
Ryan Callahan,TAM,27,,4,,5,,9,,-3,,11,,57,,30,,8,,6,,0.571,,1,,0,,0,,0,,0,,47,,0.085
Brian Boyle,TAM,25,,7,,2,,9,,1,,12,,32,,16,,121,,135,,0.473,,0,,0,,0,,0,,1,,40,,0.175
Dustin Brown,LOS,27,,2,,7,,9,,0,,16,,74,,7,,4,,8,,0.333,,0,,1,,0,,0,,0,,85,,0.024
Mattias Janmark,DAL,28,,5,,4,,9,,4,,4,,1,,10,,15,,29,,0.341,,0,,1,,0,,0,,1,,43,,0.116
Craig Smith,NAS,28,,5,,4,,9,,-1,,10,,27,,6,,20,,33,,0.377,,1,,0,,0,,0,,1,,79,,0.063
Paul Stastny,STL,12,,2,,7,,9,,2,,2,,10,,7,,120,,91,,0.569,,2,,0,,0,,0,,1,,26,,0.077
Brad Richardson,ARI,28,,2,,7,,9,,-4,,21,,23,,14,,144,,155,,0.482,,0,,0,,0,,0,,2,,36,,0.056
Cal Clutterbuck,NYI,29,,6,,2,,8,,3,,8,,125,,14,,1,,0,,1,,0,,0,,1,,1,,1,,31,,0.194
Sean Couturier,PHI,22,,3,,5,,8,,-3,,8,,9,,10,,169,,195,,0.464,,0,,0,,0,,1,,0,,39,,0.077
Milan Michalek,OTT,24,,5,,3,,8,,1,,10,,19,,16,,1,,3,,0.25,,3,,0,,0,,0,,0,,45,,0.111
Brad Boyes,TOR,23,,2,,6,,8,,-5,,8,,9,,3,,7,,1,,0.875,,0,,2,,0,,0,,1,,36,,0.056
Andrej Nestrasil,CAR,21,,2,,6,,8,,-6,,0,,9,,5,,2,,12,,0.143,,0,,0,,0,,0,,0,,28,,0.071
Brandon Sutter,VAN,16,,4,,4,,8,,4,,2,,10,,8,,125,,108,,0.536,,1,,0,,1,,0,,2,,36,,0.111
Casey Cizikas,NYI,29,,4,,4,,8,,1,,20,,81,,22,,158,,170,,0.482,,0,,0,,1,,0,,2,,33,,0.121
Calle Jarnkrok,NAS,27,,5,,3,,8,,-4,,2,,10,,7,,161,,152,,0.514,,2,,0,,0,,0,,2,,43,,0.116
Shawn Matthias,TOR,27,,2,,6,,8,,-3,,4,,23,,14,,4,,5,,0.444,,0,,0,,0,,1,,1,,34,,0.059
David Legwand,BUF,25,,2,,6,,8,,-2,,6,,11,,6,,63,,75,,0.457,,0,,1,,0,,0,,0,,22,,0.091
Jordan Martinook,ARI,27,,3,,5,,8,,-5,,4,,16,,14,,7,,4,,0.636,,0,,0,,0,,0,,1,,34,,0.088
Kyle Chipchura,ARI,27,,3,,5,,8,,-4,,20,,30,,3,,40,,41,,0.494,,0,,1,,0,,0,,1,,19,,0.158
Devante Smith-Pelly,MON,26,,3,,5,,8,,-1,,14,,40,,9,,0,,2,,0,,0,,0,,0,,0,,1,,30,,0.1
Scott Gomez,STL,18,,1,,7,,8,,-4,,4,,0,,5,,61,,77,,0.442,,0,,4,,0,,0,,1,,9,,0.111
Robby Fabbri,STL,22,,4,,4,,8,,0,,0,,21,,2,,1,,1,,0.5,,0,,1,,0,,0,,2,,35,,0.114
Tommy Wingels,SAN,28,,2,,6,,8,,-9,,12,,77,,28,,27,,34,,0.443,,0,,1,,0,,1,,0,,52,,0.038
Jesper Fast,NYR,27,,4,,4,,8,,1,,6,,35,,24,,0,,4,,0,,0,,0,,0,,0,,1,,24,,0.167
Shawn Horcoff,ANA,27,,4,,4,,8,,0,,16,,35,,14,,184,,189,,0.493,,0,,0,,0,,1,,1,,36,,0.111
Jonathan Drouin,TAM,17,,2,,6,,8,,3,,4,,13,,2,,9,,9,,0.5,,0,,2,,0,,0,,0,,18,,0.111
Bo Horvat,VAN,30,,2,,6,,8,,-13,,6,,27,,13,,245,,238,,0.507,,1,,3,,0,,0,,1,,42,,0.048
Derek MacKenzie,FLA,28,,3,,5,,8,,8,,13,,73,,15,,184,,150,,0.551,,0,,0,,0,,1,,1,,28,,0.107
Daniel Winnik,TOR,25,,2,,6,,8,,4,,4,,18,,17,,1,,4,,0.2,,0,,0,,0,,0,,0,,39,,0.051
Antoine Vermette,ARI,22,,3,,5,,8,,-4,,14,,22,,18,,206,,176,,0.539,,2,,1,,0,,0,,0,,23,,0.13
Viktor Stalberg,NYR,26,,3,,4,,7,,8,,6,,60,,12,,0,,0,,N/A,,0,,0,,0,,0,,0,,33,,0.091
Brandon Prust,VAN,19,,1,,6,,7,,2,,45,,23,,13,,2,,4,,0.333,,0,,0,,0,,0,,1,,14,,0.071
Chris Tierney,SAN,27,,3,,4,,7,,-6,,10,,4,,15,,130,,144,,0.474,,0,,0,,0,,0,,0,,34,,0.088
Matt Cullen,PIT,27,,3,,4,,7,,7,,8,,11,,13,,149,,127,,0.54,,0,,0,,0,,1,,1,,29,,0.103
Adam Lowry,WPG,28,,0,,7,,7,,-8,,18,,82,,18,,125,,141,,0.47,,0,,0,,0,,0,,0,,24,,0
Mike Fisher,NAS,24,,5,,2,,7,,-2,,19,,56,,24,,256,,242,,0.514,,1,,1,,0,,0,,0,,34,,0.147
Jay Beagle,WAS,26,,3,,4,,7,,-3,,10,,34,,10,,204,,146,,0.583,,0,,0,,0,,0,,0,,30,,0.1
Mark Letestu,EDM,29,,3,,4,,7,,-7,,0,,24,,9,,200,,177,,0.531,,1,,3,,1,,0,,0,,38,,0.079
Tom Wilson,WAS,26,,2,,5,,7,,-2,,43,,72,,18,,1,,1,,0.5,,0,,1,,0,,0,,0,,25,,0.08
Andre Burakovsky,WAS,24,,2,,5,,7,,-4,,4,,14,,10,,9,,14,,0.391,,0,,2,,0,,0,,1,,31,,0.065
Matt Nieto,SAN,26,,3,,4,,7,,-3,,2,,14,,8,,2,,1,,0.667,,0,,0,,1,,0,,0,,32,,0.094
Cody McLeod,COL,29,,5,,2,,7,,5,,71,,78,,13,,0,,0,,N/A,,1,,0,,0,,0,,1,,37,,0.135
Jordan Eberle,EDM,16,,6,,1,,7,,-9,,2,,10,,2,,0,,1,,0,,2,,0,,0,,0,,1,,40,,0.15
Marcus Foligno,BUF,27,,2,,5,,7,,-3,,22,,61,,18,,1,,1,,0.5,,0,,2,,0,,0,,0,,15,,0.133
Cody Hodgson,NAS,28,,2,,5,,7,,3,,4,,15,,5,,44,,51,,0.463,,0,,1,,0,,0,,2,,48,,0.042
Alex Burmistrov,WPG,28,,2,,5,,7,,-3,,16,,37,,12,,45,,81,,0.357,,0,,0,,0,,1,,1,,28,,0.071
Ondrej Palat,TAM,16,,2,,5,,7,,0,,0,,22,,12,,0,,3,,0,,1,,2,,0,,0,,1,,29,,0.069
Shane Prince,OTT,18,,2,,5,,7,,4,,2,,8,,5,,1,,1,,0.5,,0,,0,,0,,0,,0,,26,,0.077
Sven Baertschi,VAN,24,,2,,5,,7,,-1,,6,,6,,9,,0,,0,,N/A,,0,,1,,0,,0,,0,,25,,0.08
Matt Read,PHI,28,,4,,3,,7,,-7,,10,,27,,15,,1,,9,,0.1,,0,,0,,0,,0,,1,,55,,0.073
Carl Hagelin,ANA,28,,2,,5,,7,,-8,,10,,32,,14,,3,,1,,0.75,,0,,0,,0,,0,,0,,48,,0.042
Brian Flynn,MON,29,,3,,4,,7,,3,,2,,12,,20,,116,,88,,0.569,,0,,0,,1,,0,,0,,39,,0.077
Pavel Datsyuk,DET,13,,2,,4,,6,,2,,0,,10,,7,,129,,99,,0.566,,0,,1,,0,,0,,0,,32,,0.063
Jay McClement,CAR,28,,1,,5,,6,,-8,,2,,29,,5,,142,,111,,0.561,,0,,0,,0,,0,,0,,28,,0.036
Riley Sheahan,DET,28,,3,,3,,6,,-5,,6,,22,,16,,157,,172,,0.477,,0,,0,,0,,0,,0,,43,,0.07
Colton Sceviour,DAL,26,,1,,5,,6,,7,,4,,30,,18,,1,,6,,0.143,,0,,1,,0,,0,,0,,38,,0.026
Chris Thorburn,WPG,28,,4,,2,,6,,2,,35,,44,,9,,22,,19,,0.537,,0,,0,,1,,0,,1,,23,,0.174
Alex Tanguay,COL,18,,2,,4,,6,,2,,10,,5,,7,,1,,2,,0.333,,0,,0,,0,,0,,0,,16,,0.125
Nick Bonino,PIT,26,,3,,3,,6,,1,,12,,11,,25,,218,,192,,0.532,,1,,0,,0,,0,,0,,30,,0.1
Paul Byron,MON,17,,4,,2,,6,,5,,0,,36,,6,,1,,1,,0.5,,0,,0,,2,,1,,0,,13,,0.308
Gregory Campbell,COB,29,,2,,4,,6,,1,,36,,31,,15,,88,,111,,0.442,,0,,0,,0,,0,,2,,16,,0.125
Jacob Josefson,NJD,28,,1,,5,,6,,-11,,16,,27,,22,,167,,184,,0.476,,0,,4,,0,,1,,0,,40,,0.025
Mike Santorelli,ANA,26,,4,,2,,6,,-6,,2,,11,,6,,41,,40,,0.506,,1,,0,,0,,0,,1,,29,,0.138
Adam Cracknell,VAN,24,,3,,3,,6,,4,,4,,58,,14,,90,,137,,0.396,,0,,0,,0,,0,,1,,32,,0.094
Jack Skille,COL,29,,2,,4,,6,,0,,5,,39,,13,,1,,7,,0.125,,0,,0,,0,,0,,0,,37,,0.054
Nicolas Deslauriers,BUF,27,,3,,3,,6,,-9,,16,,72,,9,,0,,1,,0,,0,,0,,0,,0,,0,,21,,0.143
Derek Dorsett,VAN,30,,2,,4,,6,,-4,,91,,70,,20,,1,,1,,0.5,,0,,0,,0,,0,,0,,42,,0.048
John Mitchell,COL,18,,6,,0,,6,,-2,,12,,25,,15,,92,,113,,0.449,,0,,0,,0,,0,,2,,21,,0.286
Justin Fontaine,MIN,13,,2,,4,,6,,2,,8,,2,,7,,0,,0,,N/A,,0,,0,,0,,1,,0,,6,,0.333
Lauri Korpikoski,EDM,21,,3,,2,,5,,-7,,6,,31,,19,,5,,3,,0.625,,1,,0,,0,,0,,1,,26,,0.115
Curtis Lazar,OTT,25,,2,,3,,5,,-4,,5,,38,,19,,18,,17,,0.514,,1,,1,,0,,1,,0,,32,,0.063
Quinton Howden,FLA,25,,3,,2,,5,,3,,10,,63,,6,,1,,3,,0.25,,0,,0,,0,,0,,0,,22,,0.136
Steve Downie,ARI,18,,2,,3,,5,,3,,32,,24,,5,,2,,2,,0.5,,0,,0,,0,,0,,0,,16,,0.125
Joakim Nordstrom,CAR,17,,1,,4,,5,,-5,,4,,23,,7,,0,,1,,0,,0,,0,,0,,0,,0,,14,,0.071
Patrik Elias,NJD,8,,1,,4,,5,,3,,6,,6,,1,,9,,16,,0.36,,0,,2,,0,,0,,0,,9,,0.111
Brad Richards,DET,15,,1,,4,,5,,2,,0,,1,,1,,29,,31,,0.483,,0,,1,,0,,0,,0,,41,,0.024
Landon Ferraro,BOS,18,,3,,2,,5,,1,,7,,34,,12,,11,,25,,0.306,,0,,0,,0,,0,,1,,22,,0.136
Luke Glendening,DET,28,,1,,4,,5,,-8,,12,,54,,29,,205,,192,,0.516,,0,,0,,0,,0,,0,,27,,0.037
Sam Gagner,PHI,18,,2,,3,,5,,1,,21,,3,,7,,20,,44,,0.313,,1,,0,,0,,0,,1,,23,,0.087
Matt Martin,NYI,29,,2,,3,,5,,1,,44,,155,,8,,0,,1,,0,,0,,0,,0,,0,,0,,43,,0.047
Dmitrij Jaskin,STL,24,,1,,4,,5,,0,,10,,50,,4,,4,,4,,0.5,,0,,0,,0,,0,,0,,38,,0.026
Nick Shore,LOS,27,,2,,3,,5,,-6,,12,,39,,8,,173,,152,,0.532,,0,,1,,0,,0,,1,,42,,0.048
Erik Condra,TAM,25,,3,,2,,5,,0,,14,,12,,10,,1,,1,,0.5,,0,,0,,0,,0,,0,,27,,0.111
Austin Watson,NAS,24,,2,,3,,5,,-2,,9,,27,,16,,3,,2,,0.6,,0,,0,,0,,0,,0,,25,,0.08
Brad Malone,CAR,20,,2,,3,,5,,1,,23,,48,,4,,5,,1,,0.833,,0,,0,,0,,0,,0,,11,,0.182
William Karlsson,COB,28,,3,,2,,5,,-12,,0,,18,,22,,162,,193,,0.456,,0,,0,,0,,0,,0,,36,,0.083
R.J. Umberger,PHI,13,,0,,5,,5,,2,,7,,22,,4,,0,,3,,0,,0,,1,,0,,0,,0,,15,,0
Jakob Silfverberg,ANA,28,,2,,3,,5,,-8,,10,,28,,20,,2,,7,,0.222,,0,,0,,0,,0,,0,,69,,0.029
Dave Bolland,FLA,23,,1,,4,,5,,-3,,16,,36,,7,,148,,173,,0.461,,0,,3,,0,,0,,0,,25,,0.04
Zemgus Girgensons,BUF,24,,2,,3,,5,,-2,,10,,44,,15,,106,,125,,0.459,,1,,0,,0,,1,,1,,43,,0.047
Darren Helm,DET,24,,1,,4,,5,,-6,,10,,34,,6,,17,,20,,0.459,,0,,0,,0,,0,,0,,48,,0.021
Alex Chiasson,OTT,28,,2,,2,,4,,-4,,23,,38,,10,,0,,1,,0,,2,,0,,0,,0,,0,,36,,0.056
Iiro Pakarinen,EDM,21,,3,,1,,4,,-3,,2,,41,,4,,5,,7,,0.417,,0,,0,,0,,0,,0,,21,,0.143
Tyler Randell,BOS,15,,4,,0,,4,,1,,35,,26,,2,,0,,0,,N/A,,0,,0,,0,,0,,1,,11,,0.364
Ryan Garbutt,CHI,25,,1,,3,,4,,-5,,23,,68,,8,,0,,1,,0,,0,,0,,0,,0,,0,,49,,0.02
Matt Hendricks,EDM,19,,2,,2,,4,,3,,20,,57,,30,,73,,55,,0.57,,0,,0,,0,,1,,0,,23,,0.087
Melker Karlsson,SAN,14,,3,,1,,4,,2,,4,,15,,6,,1,,1,,0.5,,0,,0,,0,,0,,1,,29,,0.103
Jake Virtanen,VAN,19,,1,,3,,4,,-3,,15,,53,,8,,1,,1,,0.5,,0,,0,,0,,0,,0,,25,,0.04
David Pastrnak,BOS,10,,2,,2,,4,,-3,,8,,10,,5,,0,,1,,0,,0,,1,,0,,0,,0,,24,,0.083
Ryan Carter,MIN,25,,3,,1,,4,,1,,21,,37,,13,,11,,9,,0.55,,0,,0,,1,,0,,0,,25,,0.12
Trevor Lewis,LOS,24,,2,,2,,4,,-6,,4,,67,,8,,21,,36,,0.368,,0,,0,,0,,0,,0,,61,,0.033
Patrick Maroon,ANA,24,,1,,3,,4,,-5,,20,,45,,0,,5,,9,,0.357,,1,,0,,0,,0,,0,,28,,0.036
Ryan White,PHI,19,,2,,2,,4,,0,,24,,62,,15,,54,,52,,0.509,,0,,0,,0,,0,,0,,22,,0.091
Riley Nash,CAR,21,,1,,3,,4,,-5,,6,,16,,12,,107,,112,,0.489,,0,,0,,0,,0,,0,,27,,0.037
Eric Fehr,PIT,17,,2,,2,,4,,3,,2,,16,,13,,15,,30,,0.333,,0,,0,,2,,0,,1,,15,,0.133
Matt Stajan,CGY,27,,1,,3,,4,,-2,,14,,40,,22,,162,,166,,0.494,,0,,0,,0,,0,,0,,15,,0.067
Eric Nystrom,NAS,20,,4,,0,,4,,-2,,12,,38,,13,,0,,1,,0,,0,,0,,0,,0,,0,,12,,0.333
Pascal Dupuis,PIT,18,,2,,2,,4,,-1,,12,,35,,12,,2,,1,,0.667,,0,,0,,0,,0,,0,,28,,0.071
Sergey Kalinin,NJD,26,,2,,2,,4,,-7,,8,,33,,11,,25,,30,,0.455,,1,,0,,0,,0,,1,,24,,0.083
Scottie Upshall,STL,21,,4,,0,,4,,0,,10,,33,,5,,7,,15,,0.318,,0,,0,,0,,0,,1,,37,,0.108
Jordin Tootoo,NJD,28,,2,,2,,4,,-17,,55,,50,,10,,0,,1,,0,,2,,2,,0,,0,,0,,40,,0.05
Brooks Laich,WAS,26,,1,,3,,4,,-6,,4,,28,,9,,18,,27,,0.4,,0,,0,,0,,0,,1,,30,,0.033
Alexander Semin,MON,15,,1,,3,,4,,1,,12,,6,,4,,1,,0,,1,,0,,0,,0,,0,,0,,18,,0.056
Bobby Farnham,NJD,19,,3,,1,,4,,3,,25,,32,,7,,0,,2,,0,,0,,0,,0,,0,,0,,17,,0.176
Andrew Copp,WPG,24,,1,,3,,4,,3,,2,,23,,6,,64,,65,,0.496,,0,,0,,0,,0,,0,,14,,0.071
Matt Calvert,COB,29,,4,,0,,4,,-5,,18,,35,,19,,1,,3,,0.25,,0,,0,,0,,0,,1,,42,,0.095
Michael Raffl,PHI,28,,2,,2,,4,,-1,,12,,58,,15,,5,,6,,0.455,,0,,0,,0,,0,,0,,49,,0.041
Jaden Schwartz,STL,7,,0,,4,,4,,4,,2,,6,,6,,6,,4,,0.6,,0,,0,,0,,0,,0,,15,,0
Gabriel Bourque,NAS,22,,1,,3,,4,,0,,18,,55,,22,,0,,1,,0,,0,,0,,0,,0,,0,,25,,0.04
Erik Haula,MIN,25,,2,,2,,4,,1,,8,,13,,13,,129,,113,,0.533,,0,,0,,1,,0,,0,,19,,0.105
Connor Brickley,FLA,16,,1,,3,,4,,1,,14,,35,,6,,0,,0,,N/A,,0,,0,,0,,0,,1,,10,,0.1
Chris VandeVelde,PHI,28,,1,,3,,4,,-2,,8,,59,,23,,1,,9,,0.1,,0,,0,,0,,0,,0,,38,,0.026
Cedric Paquette,TAM,10,,2,,1,,3,,1,,10,,23,,2,,44,,42,,0.512,,0,,0,,0,,0,,0,,13,,0.154
Michael Latta,WAS,17,,1,,2,,3,,-2,,24,,26,,3,,67,,53,,0.558,,0,,0,,0,,0,,0,,12,,0.083
Chris Wagner,COL,23,,3,,0,,3,,-1,,26,,54,,16,,85,,71,,0.545,,0,,0,,0,,0,,1,,30,,0.1
Jiri Sekac,ANA,11,,1,,2,,3,,1,,2,,11,,7,,0,,2,,0,,1,,1,,0,,0,,0,,15,,0.067
Viktor Arvidsson,NAS,10,,3,,0,,3,,0,,19,,5,,5,,0,,0,,N/A,,0,,0,,0,,0,,2,,23,,0.13
Micheal Ferland,CGY,19,,1,,2,,3,,-6,,13,,54,,5,,1,,0,,1,,0,,0,,0,,0,,0,,29,,0.034
Kyle Brodziak,STL,28,,2,,1,,3,,-5,,13,,23,,18,,135,,125,,0.519,,0,,0,,0,,0,,1,,19,,0.105
Brock McGinn,CAR,14,,2,,1,,3,,-12,,6,,21,,5,,0,,0,,N/A,,0,,0,,0,,0,,0,,18,,0.111
Dominic Moore,NYR,27,,2,,1,,3,,5,,6,,20,,11,,143,,112,,0.561,,0,,0,,0,,0,,1,,43,,0.047
Johan Larsson,BUF,25,,0,,3,,3,,-4,,2,,33,,6,,53,,66,,0.445,,0,,1,,0,,0,,0,,32,,0
Jarret Stoll,NYR,28,,1,,2,,3,,5,,20,,57,,21,,147,,111,,0.57,,0,,0,,0,,0,,0,,26,,0.038
Chris Neil,OTT,28,,1,,2,,3,,0,,77,,66,,5,,0,,0,,N/A,,0,,0,,0,,0,,0,,28,,0.036
Joonas Kemppainen,BOS,24,,1,,2,,3,,-5,,2,,23,,8,,123,,112,,0.523,,0,,0,,0,,0,,0,,18,,0.056
Andreas Martinsen,COL,13,,1,,2,,3,,1,,11,,45,,6,,0,,1,,0,,0,,0,,0,,0,,0,,15,,0.067
Stephen Gionta,NJD,28,,1,,2,,3,,-6,,25,,54,,13,,91,,116,,0.44,,0,,0,,0,,0,,0,,28,,0.036
Chris Higgins,VAN,16,,2,,1,,3,,-1,,2,,9,,6,,1,,1,,0.5,,0,,0,,0,,0,,0,,24,,0.083
Tanner Kero,CHI,17,,1,,2,,3,,-2,,2,,19,,10,,55,,68,,0.447,,0,,0,,0,,0,,0,,26,,0.038
Frank Vatrano,BOS,13,,2,,1,,3,,0,,4,,17,,12,,0,,1,,0,,0,,0,,0,,0,,1,,36,,0.056
Tyler Kennedy,NJD,7,,0,,3,,3,,-2,,0,,5,,1,,0,,2,,0,,0,,1,,0,,0,,0,,7,,0
Anthony Peluso,WPG,17,,1,,2,,3,,3,,29,,39,,2,,0,,0,,N/A,,0,,0,,0,,0,,0,,11,,0.091
Pierre-Edouard Bellemare,PHI,20,,3,,0,,3,,-4,,11,,26,,18,,93,,107,,0.465,,0,,0,,1,,0,,0,,33,,0.091
Chris Terry,CAR,25,,3,,0,,3,,-2,,2,,27,,7,,1,,5,,0.167,,0,,0,,0,,0,,0,,28,,0.107
Chris Porter,MIN,26,,1,,2,,3,,0,,4,,69,,3,,0,,1,,0,,0,,0,,0,,0,,0,,16,,0.063
Byron Froese,TOR,22,,0,,3,,3,,-5,,10,,28,,10,,161,,146,,0.524,,0,,0,,0,,0,,0,,28,,0
Nathan Gerbe,CAR,20,,1,,2,,3,,-5,,10,,23,,7,,1,,0,,1,,0,,1,,0,,0,,0,,29,,0.034
Alexander Wennberg,COB,17,,1,,2,,3,,-3,,0,,11,,12,,51,,82,,0.383,,0,,1,,0,,0,,0,,21,,0.048
Kerby Rychel,COB,11,,0,,3,,3,,3,,11,,16,,6,,0,,0,,N/A,,0,,0,,0,,0,,0,,8,,0
Magnus Paajarvi,STL,15,,1,,2,,3,,-3,,2,,19,,6,,0,,1,,0,,0,,0,,0,,0,,0,,26,,0.038
Sven Andrighetto,MON,8,,3,,0,,3,,3,,2,,14,,0,,1,,1,,0.5,,0,,0,,0,,0,,0,,12,,0.25
Michael Grabner,TOR,26,,1,,2,,3,,2,,4,,16,,17,,1,,2,,0.333,,0,,0,,0,,0,,0,,29,,0.034
Jiri Tlusty,NJD,16,,1,,2,,3,,-2,,2,,26,,7,,0,,0,,N/A,,1,,1,,0,,0,,0,,16,,0.063
Nick Spaling,TOR,22,,0,,3,,3,,-3,,10,,30,,19,,171,,171,,0.5,,0,,0,,0,,0,,0,,18,,0
Barclay Goodrow,SAN,12,,0,,3,,3,,0,,11,,7,,4,,4,,2,,0.667,,0,,0,,0,,1,,0,,7,,0
Kyle Clifford,LOS,26,,0,,3,,3,,-4,,28,,49,,5,,3,,3,,0.5,,0,,0,,0,,0,,0,,18,,0
Josh Jooris,CGY,20,,2,,1,,3,,-4,,23,,26,,11,,25,,39,,0.391,,0,,0,,0,,0,,0,,25,,0.08
Jonathan Marchessault,TAM,11,,2,,1,,3,,0,,6,,21,,2,,6,,12,,0.333,,2,,0,,0,,0,,1,,21,,0.095
Sergei Plotnikov,PIT,21,,0,,2,,2,,2,,16,,42,,1,,1,,1,,0.5,,0,,0,,0,,0,,0,,25,,0
Daniel Sprong,PIT,15,,2,,0,,2,,0,,0,,9,,2,,0,,1,,0,,0,,0,,0,,0,,0,,19,,0.105
Jujhar Khaira,EDM,6,,0,,2,,2,,1,,7,,12,,3,,0,,0,,N/A,,0,,0,,0,,0,,0,,8,,0
Nikolay Goldobin,SAN,9,,1,,1,,2,,1,,0,,0,,1,,0,,0,,N/A,,0,,0,,0,,0,,0,,7,,0.143
Tim Schaller,BUF,6,,0,,2,,2,,1,,0,,5,,4,,15,,33,,0.313,,0,,0,,0,,0,,0,,4,,0
Josh Anderson,COB,3,,0,,2,,2,,2,,0,,5,,1,,0,,0,,N/A,,0,,0,,0,,0,,0,,1,,0
Brian O'Neill,NJD,21,,0,,2,,2,,-4,,6,,34,,9,,2,,3,,0.4,,0,,0,,0,,0,,0,,12,,0
Marko Dano,CHI,13,,1,,1,,2,,0,,2,,15,,7,,1,,3,,0.25,,0,,0,,0,,0,,0,,15,,0.067
Radek Faksa,DAL,14,,1,,1,,2,,2,,8,,17,,9,,61,,59,,0.508,,0,,0,,0,,0,,0,,18,,0.056
Zac Rinaldo,BOS,24,,1,,1,,2,,-3,,42,,77,,4,,0,,1,,0,,0,,0,,0,,0,,0,,15,,0.067
Ty Rattie,STL,5,,0,,2,,2,,-1,,2,,1,,0,,0,,0,,N/A,,0,,0,,0,,0,,0,,4,,0
Logan Couture,SAN,5,,0,,2,,2,,0,,6,,2,,4,,20,,23,,0.465,,0,,1,,0,,0,,0,,9,,0
Tomas Jurco,DET,7,,1,,1,,2,,0,,8,,11,,0,,0,,0,,N/A,,0,,0,,0,,0,,0,,7,,0.143
Chris Kelly,BOS,11,,2,,0,,2,,3,,0,,13,,13,,22,,30,,0.423,,0,,0,,1,,0,,0,,8,,0.25
Jordan Nolan,LOS,26,,0,,2,,2,,-3,,23,,40,,3,,0,,0,,N/A,,0,,0,,0,,0,,0,,21,,0
Anton Lander,EDM,28,,0,,2,,2,,-6,,8,,23,,12,,190,,154,,0.552,,0,,0,,0,,0,,0,,33,,0
Dustin Jeffrey,ARI,7,,1,,1,,2,,2,,2,,2,,1,,35,,23,,0.603,,0,,0,,0,,0,,0,,5,,0.2
Drew Miller,DET,26,,1,,1,,2,,-5,,2,,39,,30,,1,,1,,0.5,,0,,0,,0,,0,,0,,26,,0.038
Mason Raymond,CGY,15,,1,,1,,2,,-1,,4,,5,,1,,2,,1,,0.667,,0,,0,,0,,0,,0,,30,,0.033
Markus Granlund,CGY,6,,2,,0,,2,,-1,,2,,1,,0,,18,,27,,0.4,,0,,0,,0,,0,,0,,9,,0.222
Boyd Gordon,ARI,28,,0,,2,,2,,1,,6,,7,,21,,202,,171,,0.542,,0,,0,,0,,0,,0,,21,,0
Christian Thomas,MON,5,,0,,2,,2,,1,,2,,5,,0,,0,,0,,N/A,,0,,0,,0,,0,,0,,6,,0
Emerson Etem,NYR,10,,0,,2,,2,,-1,,0,,20,,7,,1,,1,,0.5,,0,,0,,0,,0,,0,,7,,0
Paul Gaustad,NAS,19,,0,,2,,2,,-1,,7,,44,,10,,164,,139,,0.541,,0,,0,,0,,1,,0,,15,,0
Andy Andreoff,LOS,25,,2,,0,,2,,-1,,39,,35,,6,,49,,70,,0.412,,0,,0,,0,,0,,0,,18,,0.111
Steve Ott,STL,21,,0,,2,,2,,-3,,34,,34,,5,,39,,31,,0.557,,0,,0,,0,,0,,0,,21,,0
Nate Thompson,ANA,3,,0,,2,,2,,2,,0,,6,,0,,6,,10,,0.375,,0,,0,,0,,0,,0,,3,,0
Steve Bernier,NYI,12,,1,,1,,2,,0,,0,,25,,3,,0,,0,,N/A,,0,,0,,0,,0,,0,,20,,0.05
Johan Franzen,DET,2,,0,,1,,1,,0,,2,,3,,0,,0,,1,,0,,0,,1,,0,,0,,0,,3,,0
Andrew Desjardins,CHI,23,,1,,0,,1,,-8,,6,,28,,12,,8,,7,,0.533,,0,,0,,0,,0,,0,,24,,0.042
Rene Bourque,COB,15,,0,,1,,1,,-5,,12,,35,,7,,2,,5,,0.286,,0,,0,,0,,0,,0,,27,,0
Marcus Kruger,CHI,28,,0,,1,,1,,-6,,16,,17,,25,,163,,173,,0.485,,0,,0,,0,,0,,0,,30,,0
David Clarkson,COB,8,,0,,1,,1,,-2,,9,,14,,1,,2,,4,,0.333,,0,,0,,0,,0,,0,,9,,0
Nick Ritchie,ANA,11,,0,,1,,1,,-1,,4,,38,,4,,0,,0,,N/A,,0,,0,,0,,0,,0,,19,,0
Andreas Athanasiou,DET,6,,1,,0,,1,,0,,0,,4,,2,,12,,18,,0.4,,0,,0,,0,,0,,1,,11,,0.091
Dave Dziurzynski,OTT,3,,0,,1,,1,,-1,,0,,11,,2,,3,,3,,0.5,,0,,0,,0,,0,,0,,3,,0
Tyler Gaudet,ARI,5,,0,,1,,1,,-2,,0,,16,,1,,22,,23,,0.489,,0,,0,,0,,0,,0,,2,,0
Rob Klinkhammer,EDM,7,,1,,0,,1,,-3,,2,,25,,1,,1,,0,,1,,0,,0,,0,,0,,0,,7,,0.143
Daniel Carr,MON,2,,1,,0,,1,,0,,0,,4,,1,,0,,0,,N/A,,0,,0,,0,,0,,0,,4,,0.25
Luke Gazdic,EDM,17,,1,,0,,1,,-3,,20,,21,,3,,0,,0,,N/A,,0,,0,,0,,0,,0,,9,,0.111
Jordan Schroeder,MIN,11,,1,,0,,1,,-1,,0,,2,,4,,0,,0,,N/A,,0,,0,,0,,0,,0,,11,,0.091
Dennis Rasmussen,CHI,1,,1,,0,,1,,1,,0,,2,,0,,1,,3,,0.25,,0,,0,,0,,0,,0,,1,,1
Joakim Andersson,DET,13,,0,,1,,1,,2,,6,,6,,4,,20,,28,,0.417,,0,,0,,0,,0,,0,,7,,0
Mike Brown,SAN,26,,1,,0,,1,,-4,,39,,74,,10,,2,,1,,0.667,,0,,0,,0,,0,,0,,24,,0.042
Brandon Bollig,CGY,17,,1,,0,,1,,-5,,49,,40,,6,,2,,0,,1,,0,,0,,0,,0,,0,,19,,0.053
Kevin Porter,PIT,8,,0,,1,,1,,0,,0,,17,,4,,2,,2,,0.5,,0,,0,,0,,0,,0,,7,,0
Stefan Matteau,NJD,12,,1,,0,,1,,-5,,13,,25,,2,,0,,0,,N/A,,0,,0,,0,,0,,0,,14,,0.071
Nic Petan,WPG,14,,1,,0,,1,,-2,,6,,1,,1,,10,,9,,0.526,,0,,0,,0,,0,,0,,7,,0.143
Joel Vermin,TAM,5,,0,,1,,1,,1,,0,,6,,2,,1,,0,,1,,0,,0,,0,,0,,0,,1,,0
Ryan Hartman,CHI,3,,0,,1,,1,,-1,,0,,5,,3,,1,,3,,0.25,,0,,0,,0,,0,,0,,3,,0
Matt Puempel,OTT,11,,1,,0,,1,,0,,2,,7,,4,,0,,1,,0,,0,,0,,0,,0,,1,,8,,0.125
Rocco Grimaldi,FLA,10,,1,,0,,1,,-4,,0,,11,,0,,8,,13,,0.381,,0,,0,,0,,0,,0,,12,,0.083
Martin Havlat,STL,2,,1,,0,,1,,0,,0,,1,,0,,0,,0,,N/A,,0,,0,,0,,0,,1,,3,,0.333
Logan Shaw,FLA,7,,1,,0,,1,,0,,2,,14,,4,,0,,0,,N/A,,0,,0,,0,,0,,0,,8,,0.125
Miikka Salomaki,NAS,10,,1,,0,,1,,2,,4,,32,,5,,0,,0,,N/A,,0,,0,,0,,0,,1,,12,,0.083
Colton Sissons,NAS,12,,1,,0,,1,,6,,5,,14,,7,,55,,34,,0.618,,0,,0,,0,,0,,0,,9,,0.111
John Scott,ARI,8,,0,,1,,1,,1,,18,,15,,0,,0,,0,,N/A,,0,,0,,0,,0,,0,,4,,0
Patrick Eaves,DAL,12,,1,,0,,1,,-1,,4,,7,,6,,2,,4,,0.333,,0,,0,,0,,0,,0,,15,,0.067
Colin McDonald,PHI,5,,1,,0,,1,,0,,7,,16,,1,,0,,0,,N/A,,0,,0,,0,,0,,0,,4,,0.25
Phillip Di Giuseppe,CAR,3,,1,,0,,1,,1,,2,,12,,0,,0,,0,,N/A,,0,,0,,0,,0,,0,,2,,0.5
Dainius Zubrus,SAN,7,,0,,1,,1,,-2,,6,,12,,4,,4,,5,,0.444,,0,,0,,0,,0,,0,,4,,0
Brendan Gaunce,VAN,2,,1,,0,,1,,0,,0,,3,,0,,2,,0,,1,,0,,0,,0,,0,,0,,2,,0.5
Michael Chaput,COB,3,,1,,0,,1,,2,,5,,9,,3,,17,,8,,0.68,,0,,0,,0,,0,,0,,3,,0.333
Vincent Lecavalier,PHI,7,,0,,1,,1,,-1,,2,,2,,1,,2,,5,,0.286,,0,,0,,0,,0,,0,,7,,0
Stanislav Galiev,WAS,5,,0,,1,,1,,2,,4,,3,,0,,0,,0,,N/A,,0,,0,,0,,0,,0,,8,,0
Anton Slepyshev,EDM,11,,0,,1,,1,,-5,,2,,13,,1,,1,,0,,1,,0,,0,,0,,0,,0,,5,,0
Ronalds Kenins,VAN,2,,0,,0,,0,,-1,,2,,9,,1,,0,,0,,N/A,,0,,0,,0,,0,,0,,2,,0
Borna Rendulic,COL,3,,0,,0,,0,,-2,,0,,1,,3,,0,,3,,0,,0,,0,,0,,0,,0,,1,,0
Andrew Agozzino,COL,2,,0,,0,,0,,0,,0,,3,,0,,0,,0,,N/A,,0,,0,,0,,0,,0,,1,,0
Max Talbot,BOS,8,,0,,0,,0,,-2,,2,,6,,5,,14,,18,,0.438,,0,,0,,0,,0,,0,,6,,0
Markus Hannikainen,COB,1,,0,,0,,0,,0,,0,,2,,0,,0,,0,,N/A,,0,,0,,0,,0,,0,,0,,N/A
Kyle Baun,CHI,2,,0,,0,,0,,-2,,0,,3,,0,,0,,0,,N/A,,0,,0,,0,,0,,0,,1,,0
Tim Jackman,ANA,2,,0,,0,,0,,-2,,4,,2,,0,,0,,0,,N/A,,0,,0,,0,,0,,0,,1,,0
Tuomo Ruutu,NJD,3,,0,,0,,0,,0,,2,,6,,1,,0,,0,,N/A,,0,,0,,0,,0,,0,,6,,0
Mikko Rantanen,COL,6,,0,,0,,0,,-5,,0,,0,,9,,0,,2,,0,,0,,0,,0,,0,,0,,7,,0
Shawn Thornton,FLA,14,,0,,0,,0,,1,,35,,18,,0,,0,,1,,0,,0,,0,,0,,0,,0,,19,,0
Dennis Everberg,COL,15,,0,,0,,0,,-5,,0,,11,,12,,0,,0,,N/A,,0,,0,,0,,0,,0,,9,,0
Travis Moen,DAL,5,,0,,0,,0,,-1,,4,,7,,3,,0,,0,,N/A,,0,,0,,0,,0,,0,,4,,0
Mike Blunden,TAM,2,,0,,0,,0,,0,,0,,6,,0,,0,,0,,N/A,,0,,0,,0,,0,,0,,3,,0
Michael Keranen,MIN,1,,0,,0,,0,,-1,,0,,1,,0,,0,,0,,N/A,,0,,0,,0,,0,,0,,0,,N/A
Bryan Bickell,CHI,9,,0,,0,,0,,-3,,0,,29,,4,,0,,0,,N/A,,0,,0,,0,,0,,0,,6,,0
Clarke MacArthur,OTT,4,,0,,0,,0,,-1,,0,,3,,1,,0,,1,,0,,0,,0,,0,,0,,0,,4,,0
Kurtis Gabriel,MIN,3,,0,,0,,0,,1,,10,,4,,0,,0,,0,,N/A,,0,,0,,0,,0,,0,,1,,0
Cody Bass,NAS,2,,0,,0,,0,,0,,0,,5,,0,,7,,7,,0.5,,0,,0,,0,,0,,0,,3,,0
Joe Vitale,ARI,1,,0,,0,,0,,1,,5,,1,,0,,0,,1,,0,,0,,0,,0,,0,,0,,1,,0
Tye McGinn,TAM,2,,0,,0,,0,,0,,0,,0,,0,,0,,0,,N/A,,0,,0,,0,,0,,0,,1,,0
Taylor Beck,NYI,2,,0,,0,,0,,0,,2,,6,,0,,0,,0,,N/A,,0,,0,,0,,0,,0,,0,,N/A
Lance Bouma,CGY,3,,0,,0,,0,,-3,,0,,10,,0,,0,,0,,N/A,,0,,0,,0,,0,,0,,3,,0
Derek Grant,CGY,9,,0,,0,,0,,-3,,0,,18,,7,,42,,32,,0.568,,0,,0,,0,,0,,0,,10,,0
Craig Cunningham,ARI,6,,0,,0,,0,,-1,,0,,8,,1,,1,,0,,1,,0,,0,,0,,0,,0,,11,,0
Bryan Rust,PIT,5,,0,,0,,0,,2,,0,,4,,1,,0,,0,,N/A,,0,,0,,0,,0,,0,,6,,0
Brett Bulmer,MIN,3,,0,,0,,0,,-1,,7,,2,,0,,0,,0,,N/A,,0,,0,,0,,0,,0,,2,,0
Ben Street,COL,7,,0,,0,,0,,-1,,4,,6,,4,,26,,21,,0.553,,0,,0,,0,,0,,0,,8,,0
Jordan Weal,LOS,6,,0,,0,,0,,-1,,0,,2,,0,,13,,14,,0.481,,0,,0,,0,,0,,0,,0,,N/A
Mark Arcobello,TOR,7,,0,,0,,0,,0,,0,,6,,0,,26,,33,,0.441,,0,,0,,0,,0,,0,,12,,0
Garrett Wilson,FLA,6,,0,,0,,0,,1,,0,,20,,1,,0,,0,,N/A,,0,,0,,0,,0,,0,,6,,0
Alexandre Grenier,VAN,1,,0,,0,,0,,0,,0,,1,,0,,0,,1,,0,,0,,0,,0,,0,,0,,4,,0
Max McCormick,OTT,4,,0,,0,,0,,1,,0,,10,,1,,0,,1,,0,,0,,0,,0,,0,,0,,6,,0
Max Friberg,ANA,5,,0,,0,,0,,-1,,2,,7,,2,,0,,0,,N/A,,0,,0,,0,,0,,0,,1,,0
Tyler Graovac,MIN,1,,0,,0,,0,,-1,,0,,0,,0,,9,,3,,0.75,,0,,0,,0,,0,,0,,0,,N/A
Nick Cousins,PHI,4,,0,,0,,0,,0,,0,,2,,1,,5,,6,,0.455,,0,,0,,0,,0,,0,,2,,0
Jeremy Welsh,STL,2,,0,,0,,0,,0,,2,,4,,0,,1,,2,,0.333,,0,,0,,0,,0,,0,,0,,N/A
Sean Collins,WAS,2,,0,,0,,0,,-1,,2,,0,,2,,0,,0,,N/A,,0,,0,,0,,0,,0,,0,,N/A
Alex Khokhlachev,BOS,2,,0,,0,,0,,-1,,0,,1,,1,,0,,1,,0,,0,,0,,0,,0,,0,,3,,0
Devin Shore,DAL,3,,0,,0,,0,,2,,0,,2,,0,,0,,1,,0,,0,,0,,0,,0,,0,,1,,0
Chandler Stephenson,WAS,9,,0,,0,,0,,-3,,2,,5,,4,,30,,25,,0.545,,0,,0,,0,,0,,0,,2,,0
Bud Holloway,MON,1,,0,,0,,0,,0,,0,,0,,0,,0,,1,,0,,0,,0,,0,,0,,0,,1,,0
Viktor Tikhonov,ARI,12,,0,,0,,0,,-4,,6,,20,,3,,1,,2,,0.333,,0,,0,,0,,0,,0,,11,,0
Micheal Haley,SAN,8,,0,,0,,0,,-2,,20,,21,,2,,11,,8,,0.579,,0,,0,,0,,0,,0,,5,,0
Brandon Mashinter,CHI,11,,0,,0,,0,,0,,9,,15,,0,,0,,0,,N/A,,0,,0,,0,,0,,0,,2,,0
Bryan Lerg,SAN,6,,0,,0,,0,,1,,0,,13,,3,,17,,16,,0.515,,0,,0,,0,,0,,0,,4,,0
Tanner Glass,NYR,6,,0,,0,,0,,0,,9,,24,,2,,0,,1,,0,,0,,0,,0,,0,,0,,5,,0
Jared Boll,COB,12,,0,,0,,0,,-1,,18,,23,,6,,1,,0,,1,,0,,0,,0,,0,,0,,8,,0
Ryan Reaves,STL,19,,0,,0,,0,,-2,,6,,65,,4,,0,,1,,0,,0,,0,,0,,0,,0,,6,,0
Hunter Shinkaruk,VAN,1,,0,,0,,0,,0,,0,,1,,0,,0,,0,,N/A,,0,,0,,0,,0,,0,,0,,N/A
Reid Boucher,NJD,3,,0,,0,,0,,0,,2,,2,,0,,0,,0,,N/A,,0,,0,,0,,0,,0,,3,,0
John McCarthy,SAN,1,,0,,0,,0,,0,,0,,0,,1,,0,,1,,0,,0,,0,,0,,0,,0,,0,,N/A
Christoph Bertschy,MIN,3,,0,,0,,0,,0,,0,,7,,2,,0,,0,,N/A,,0,,0,,0,,0,,0,,3,,0
Taylor Leier,PHI,6,,0,,0,,0,,0,,0,,2,,3,,0,,0,,N/A,,0,,0,,0,,0,,0,,3,,0
Colin Greening,OTT,1,,0,,0,,0,,0,,0,,3,,0,,0,,0,,N/A,,0,,0,,0,,0,,0,,2,,0
Vincent Hinostroza,CHI,4,,0,,0,,0,,0,,2,,1,,0,,12,,17,,0.414,,0,,0,,0,,0,,0,,4,,0
Ben Smith,SAN,4,,0,,0,,0,,-1,,0,,1,,1,,4,,8,,0.333,,0,,0,,0,,0,,0,,1,,0
Patrice Cormier,WPG,1,,0,,0,,0,,0,,0,,1,,0,,1,,3,,0.25,,0,,0,,0,,0,,0,,1,,0
Andrew Miller,EDM,6,,0,,0,,0,,-1,,0,,4,,0,,13,,16,,0.448,,0,,0,,0,,0,,0,,3,,0
Curtis McKenzie,DAL,1,,0,,0,,0,,-1,,0,,1,,1,,0,,0,,N/A,,0,,0,,0,,0,,0,,0,,N/A
Rich Clune,TOR,2,,0,,0,,0,,-1,,5,,6,,1,,0,,0,,N/A,,0,,0,,0,,0,,0,,1,,0